Workbook

Sheet Overview
A1: LLM Inference Benchmark — Executive Overview
A2: Snapshot of 225,414 inference runs from the attached CSV • Aggregates use all rows; performance metrics use successful runs
A4: Total runs | B4: =SUM('Models & Backends'!B4:B14) -> 225414 | C4: Success rate | D4: =B5/B4 -> 0.98492108 | E4: Avg throughput | F4: =SUMPRODUCT('Models & Backends'!E4:E14,'Models & Backends'!C4:C14)/SUM('Models & Backends'!C4:C14) -> 75.256749 | G4: Median latency | H4: 4739.64
A5: Successful | B5: =SUM('Models & Backends'!C4:C14) -> 222015 | C5: Errors | D5: =B4-B5 -> 3399 | E5: P95 throughput | F5: 230.52 | G5: P95 latency | H5: 53220.13
A6: Models | B6: =COUNTA('Models & Backends'!A4:A14) -> 11 | C6: Backends | D6: =COUNTA('Models & Backends'!A19:A23) -> 5 | E6: Compute targets | F6: =COUNTA(Hardware!A4:A27) -> 24 | G6: Context lengths | H6: =COUNTA('Context & Workload'!A4:A10) -> 7
A9: Key findings
A10: • vLLM leads backend throughput at 98.49 tokens/sec and the lowest average latency (4.24 s). • H100 SXM leads hardware throughput at 259.04 tokens/sec; MI300X and A100 SXM are nearly tied at 175.54 and 172.68. • Throughput declines from 103.09 tokens/sec at context 512 to 47.45 at 32,768 (−54.0%). • phi3 is the fastest model average at 118.50 tokens/sec; large models trade speed for scale, with llama3:70b at 32.79.
A16: Dimension | B16: Leader | C16: Avg TPS | D16: Avg latency (ms) | E16: Avg TTFT (ms) | F16: Error rate | G16: Coverage | H16: Interpretation
A17: Model | B17: ='Models & Backends'!A4 -> phi3 | C17: ='Models & Backends'!E4 -> 118.5 | D17: ='Models & Backends'!G4 -> 6003.11 | E17: ='Models & Backends'!I4 -> 24.73 | F17: ='Models & Backends'!D4 -> 0.016348 | G17: 14,742 runs | H17: Fastest average model
A18: Backend | B18: ='Models & Backends'!A19 -> vLLM | C18: ='Models & Backends'!E19 -> 98.49 | D18: ='Models & Backends'!G19 -> 4240.11 | E18: ='Models & Backends'!I19 -> 17.49 | F18: ='Models & Backends'!D19 -> 0.015998 | G18: 39,942 runs | H18: Best speed/latency backend
A19: Hardware | B19: =Hardware!A4 -> H100 SXM | C19: =Hardware!E4 -> 259.04 | D19: =Hardware!G4 -> 1297.55 | E19: =Hardware!I4 -> 6.38 | F19: =Hardware!D4 -> 0.015686 | G19: 10,710 runs | H19: Highest throughput target
A20: Context | B20: ='Context & Workload'!A4&" tokens" -> 512 tokens | C20: ='Context & Workload'!E4 -> 103.09 | D20: ='Context & Workload'!G4 -> 7916.17 | E20: ='Context & Workload'!I4 -> 32.64 | F20: ='Context & Workload'!D4 -> 0.014626 | G20: 32,202 runs | H20: Shortest context is fastest
A21: Quantization | B21: ='Context & Workload'!A25 -> Q2_K | C21: ='Context & Workload'!E25 -> 93.04 | D21: ='Context & Workload'!G25 -> 7630.96 | E21: ='Context & Workload'!I25 -> 31.34 | F21: ='Context & Workload'!D25 -> 0.013228 | G21: 14,742 runs | H21: Fastest and lowest error rate

Sheet Models & Backends
A1: Model and Backend Performance
A3: Model | B3: Runs | C3: Successes | D3: Error rate | E3: Avg TPS | F3: P95 TPS | G3: Avg latency (ms) | H3: P95 latency (ms) | I3: Avg TTFT (ms) | J3: Avg VRAM (GB) | K3: Avg power (W) | L3: Avg temp (°C)
A4: phi3 | B4: 14742 | C4: 14501 | D4: 0.016348 | E4: 118.5 | F4: 360.84 | G4: 6003.11 | H4: 28869.31 | I4: 24.73 | J4: 2.05 | K4: 219.4 | L4: 76.7
A5: codellama | B5: 14742 | C5: 14512 | D5: 0.015602 | E5: 82.13 | F5: 249.63 | G5: 8582.47 | H5: 40953.44 | I5: 35.4 | J5: 3.77 | K5: 219.8 | L5: 76.6
A6: deepseek-r1 | B6: 14742 | C6: 14518 | D6: 0.015195 | E6: 82.09 | F6: 249.41 | G6: 8636.34 | H6: 41128.66 | I6: 35.51 | J6: 3.77 | K6: 221.1 | L6: 76.5
A7: qwen2 | B7: 14742 | C7: 14530 | D7: 0.014381 | E7: 81.98 | F7: 248.29 | G7: 8627.73 | H7: 41281.13 | I7: 35.49 | J7: 3.77 | K7: 219.8 | L7: 76.8
A8: mistral | B8: 29484 | C8: 29051 | D8: 0.014686 | E8: 78.4 | F8: 239.22 | G8: 9051.92 | H8: 43416 | I8: 37.22 | J8: 3.77 | K8: 220.1 | L8: 76.8
A9: llama3 | B9: 14742 | C9: 14541 | D9: 0.013635 | E9: 75.75 | F9: 231.14 | G9: 9323.37 | H9: 44627.94 | I9: 38.35 | J9: 4.31 | K9: 220.6 | L9: 76.8
A10: llama3:8b | B10: 58968 | C10: 58110 | D10: 0.01455 | E10: 75.22 | F10: 229.41 | G10: 9619.29 | H10: 46313.36 | I10: 39.44 | J10: 4.31 | K10: 219.9 | L10: 76.8
A11: gemma2 | B11: 29484 | C11: 29003 | D11: 0.016314 | E11: 67.4 | F11: 204.64 | G11: 10524.05 | H11: 50963.76 | I11: 43.14 | J11: 4.85 | K11: 220.4 | L11: 76.8
A12: phi4 | B12: 24444 | C12: 24087 | D12: 0.014605 | E12: 56.86 | F12: 167.33 | G12: 14287.98 | H12: 72386.31 | I12: 58.59 | J12: 7.36 | K12: 239.7 | L12: 78.5
A13: mixtral | B13: 4662 | C13: 4578 | D13: 0.018018 | E13: 41.53 | F13: 108.58 | G13: 49152.91 | H13: 194770.7 | I13: 200.12 | J13: 19.01 | K13: 274 | L13: 75.4
A14: llama3:70b | B14: 4662 | C14: 4584 | D14: 0.016731 | E14: 32.79 | F14: 86.84 | G14: 61532.7 | H14: 242845.88 | I14: 254.55 | J14: 28.37 | K14: 273.7 | L14: 75.5
A18: Backend | B18: Runs | C18: Successes | D18: Error rate | E18: Avg TPS | F18: P95 TPS | G18: Avg latency (ms) | H18: P95 latency (ms) | I18: Avg TTFT (ms) | J18: Avg VRAM (GB) | K18: Avg power (W) | L18: Avg temp (°C)
A19: vLLM | B19: 39942 | C19: 39303 | D19: 0.015998 | E19: 98.49 | F19: 281.43 | G19: 4240.11 | H19: 9845.58 | I19: 17.49 | J19: 5.84 | K19: 253.4 | L19: 86.8
A20: Ollama | B20: 46368 | C20: 45665 | D20: 0.015161 | E20: 76.57 | F20: 237.81 | G20: 12066.87 | H20: 54491.44 | I20: 49.54 | J20: 5.05 | K20: 218.2 | L20: 74.7
A21: llama.cpp | B21: 46368 | C21: 45691 | D21: 0.014601 | E21: 72.67 | F21: 225.54 | G21: 12687.1 | H21: 57289.82 | I21: 52.02 | J21: 5.04 | K21: 218.3 | L21: 75
A22: PyTorch | B22: 46368 | C22: 45672 | D22: 0.01501 | E22: 69.01 | F22: 214.62 | G22: 13335.62 | H22: 61000.36 | I22: 54.84 | J22: 5.05 | K22: 218.1 | L22: 74.7
A23: ONNX | B23: 46368 | C23: 45684 | D23: 0.014752 | E23: 62.79 | F23: 194.88 | G23: 14663.7 | H23: 66449.6 | I23: 60.17 | J23: 5.04 | K23: 218.2 | L23: 74.7

Sheet Hardware
A1: Compute Target Performance — All 24 Targets
A3: Compute target | B3: Runs | C3: Successes | D3: Error rate | E3: Avg TPS | F3: P95 TPS | G3: Avg latency (ms) | H3: P95 latency (ms) | I3: Avg TTFT (ms) | J3: Avg VRAM (GB) | K3: Avg power (W) | L3: Avg temp (°C)
A4: H100 SXM | B4: 10710 | C4: 10542 | D4: 0.015686 | E4: 259.04 | F4: 463.21 | G4: 1297.55 | H4: 3301.2 | I4: 6.38 | J4: 8.53 | K4: 525.1 | L4: 124.1
A5: MI300X | B5: 10710 | C5: 10551 | D5: 0.014846 | E5: 175.54 | F5: 314.48 | G5: 1922.73 | H5: 4879.77 | I5: 8.24 | J5: 8.53 | K5: 563.3 | L5: 117.6
A6: A100 SXM | B6: 10710 | C6: 10543 | D6: 0.015593 | E6: 172.68 | F6: 307.5 | G6: 1949.62 | H6: 4927.58 | I6: 8.29 | J6: 8.52 | K6: 300 | L6: 117.1
A7: MI250 | B7: 10710 | C7: 10560 | D7: 0.014006 | E7: 120.26 | F7: 215.07 | G7: 2797.96 | H7: 7032.7 | I7: 11.5 | J7: 8.55 | K7: 420 | L7: 106.1
A8: RTX 4090 | B8: 9450 | C8: 9304 | D8: 0.01545 | E8: 110.62 | F8: 184.71 | G8: 2644.74 | H8: 4778.02 | I8: 10.85 | J8: 4.99 | K8: 337.6 | L8: 117.1
A9: RTX 4080 | B9: 9450 | C9: 9312 | D9: 0.014603 | E9: 87.58 | F9: 146.87 | G9: 3354.41 | H9: 6085.39 | I9: 13.7 | J9: 4.99 | K9: 240 | L9: 102.9
A10: MI210 | B10: 10710 | C10: 10531 | D10: 0.016713 | E10: 77.16 | F10: 136.89 | G10: 4354.19 | H10: 10936.92 | I10: 17.9 | J10: 8.5 | K10: 224.9 | L10: 92.1
A11: RTX 4070 Ti | B11: 9450 | C11: 9278 | D11: 0.018201 | E11: 72.95 | F11: 122.06 | G11: 4024.08 | H11: 7309 | I11: 16.42 | J11: 4.99 | K11: 214.1 | L11: 92.5
A12: RTX 3090 | B12: 9450 | C12: 9325 | D12: 0.013228 | E12: 66.03 | F12: 110.73 | G12: 4425.85 | H12: 7951.73 | I12: 18.16 | J12: 5 | K12: 262.4 | L12: 110.1
A13: RX 7900 XTX | B13: 9450 | C13: 9298 | D13: 0.016085 | E13: 65.22 | F13: 109.16 | G13: 4475.58 | H13: 8140.22 | I13: 18.41 | J13: 4.99 | K13: 266.7 | L13: 67.3
A14: RTX 4070 | B14: 9450 | C14: 9296 | D14: 0.016296 | E14: 59.95 | F14: 100.25 | G14: 4908.27 | H14: 8918.35 | I14: 19.97 | J14: 5 | K14: 150.1 | L14: 81.8
A15: RX 7900 XT | B15: 9450 | C15: 9317 | D15: 0.014074 | E15: 55.33 | F15: 92.66 | G15: 5273.12 | H15: 9455.29 | I15: 21.67 | J15: 4.99 | K15: 236 | L15: 63.9
... A27: CPU Ryzen 9 7950X | B27: 8568 | C27: 8426 | D27: 0.016573 | E27: 4.61 | F27: 8.13 | G27: 72549.65 | H27: 182424.54 | I27: 297.66 | J27: 0 | K27: 0 | L27: 0

Sheet Context & Workload
A1: Context, Prompt, and Quantization Effects
A3: Context length | B3: Runs | C3: Successes | D3: Error rate | E3: Avg TPS | F3: P95 TPS | G3: Avg latency (ms) | H3: P95 latency (ms) | I3: Avg TTFT (ms) | J3: Avg VRAM (GB) | K3: Avg power (W) | L3: Avg temp (°C)
A4: 512 | B4: 32202 | C4: 31731 | D4: 0.014626 | E4: 103.09 | F4: 308.74 | G4: 7916.17 | H4: 36892.2 | I4: 32.64 | J4: 5.18 | K4: 224.6 | L4: 77
A5: 1024 | B5: 32202 | C5: 31716 | D5: 0.015092 | E5: 93.72 | F5: 280.33 | G5: 8721.94 | H5: 40628.09 | I5: 35.73 | J5: 5.19 | K5: 224.4 | L5: 76.9
A6: 2048 | B6: 32202 | C6: 31714 | D6: 0.015154 | E6: 84.58 | F6: 252.89 | G6: 9677.54 | H6: 45199.65 | I6: 39.69 | J6: 5.19 | K6: 224.4 | L6: 76.9
A7: 4096 | B7: 32202 | C7: 31736 | D7: 0.014471 | E7: 75.26 | F7: 225.41 | G7: 10839.67 | H7: 50313.88 | I7: 44.56 | J7: 5.18 | K7: 224.1 | L7: 76.9
A8: 8192 | B8: 32202 | C8: 31686 | D8: 0.016024 | E8: 66.04 | F8: 198.33 | G8: 12396.02 | H8: 58054.27 | I8: 50.59 | J8: 5.18 | K8: 224.6 | L8: 76.9
A9: 16384 | B9: 32202 | C9: 31712 | D9: 0.015216 | E9: 56.65 | F9: 170.09 | G9: 14457.32 | H9: 68231.6 | I9: 59.51 | J9: 5.19 | K9: 224.5 | L9: 76.8
A10: 32768 | B10: 32202 | C10: 31720 | D10: 0.014968 | E10: 47.45 | F10: 142.32 | G10: 17223.99 | H10: 80907.44 | I10: 70.86 | J10: 5.19 | K10: 224.6 | L10: 76.9
A14: Prompt type | B14: Runs | C14: Successes | D14: Error rate | E14: Avg TPS | F14: P95 TPS | G14: Avg latency (ms) | H14: P95 latency (ms) | I14: Avg TTFT (ms) | J14: Avg VRAM (GB) | K14: Avg power (W) | L14: Avg temp (°C)
A15: short | B15: 37569 | C15: 37043 | D15: 0.014001 | E15: 91.58 | F15: 278.87 | G15: 9413.87 | H15: 43300.12 | I15: 38.7 | J15: 5.18 | K15: 224.5 | L15: 76.9
A16: medium | B16: 37569 | C16: 37000 | D16: 0.015145 | E16: 79.6 | F16: 244.06 | G16: 10874.14 | H16: 49845.45 | I16: 44.61 | J16: 5.19 | K16: 224.1 | L16: 76.9
A17: code | B17: 37569 | C17: 36989 | D17: 0.015438 | E17: 73.26 | F17: 224.06 | G17: 11768.98 | H17: 54129.77 | I17: 48.34 | J17: 5.18 | K17: 224.5 | L17: 76.8
A18: long | B18: 37569 | C18: 36977 | D18: 0.015758 | E18: 70.15 | F18: 214.23 | G18: 12304.7 | H18: 56484.86 | I18: 50.77 | J18: 5.19 | K18: 224.9 | L18: 77
A19: math | B19: 37569 | C19: 36992 | D19: 0.015358 | E19: 69.26 | F19: 211.35 | G19: 12495.63 | H19: 57197.84 | I19: 51.28 | J19: 5.19 | K19: 224.2 | L19: 76.8
A20: reasoning | B20: 37569 | C20: 37014 | D20: 0.014773 | E20: 67.68 | F20: 207.09 | G20: 12771.3 | H20: 59078.83 | I20: 52.23 | J20: 5.18 | K20: 224.3 | L20: 76.9
A24: Quantization | B24: Runs | C24: Successes | D24: Error rate | E24: Avg TPS | F24: P95 TPS | G24: Avg latency (ms) | H24: P95 latency (ms) | I24: Avg TTFT (ms) | J24: Avg VRAM (GB) | K24: Avg power (W) | L24: Avg temp (°C)
A25: Q2_K | B25: 14742 | C25: 14547 | D25: 0.013228 | E25: 93.04 | F25: 281.84 | G25: 7630.96 | H25: 36826.06 | I25: 31.34 | J25: 4.31 | K25: 219.9 | L25: 77.1
A26: Q4_K_M | B26: 139482 | C26: 137381 | D26: 0.015063 | E26: 78.39 | F26: 240.67 | G26: 12206.99 | H26: 54712.31 | I26: 50.13 | J26: 5.46 | K26: 225.4 | L26: 76.8
A27: Q8_0 | B27: 56448 | C27: 55582 | D27: 0.015342 | E27: 65.98 | F27: 200.21 | G27: 11275.93 | H27: 55017.41 | I27: 46.28 | J27: 4.97 | K27: 224.5 | L27: 77.2
A28: F16 | B28: 14742 | C28: 14505 | D28: 0.016077 | E28: 63.35 | F28: 193.21 | G28: 11139.26 | H28: 53472.88 | I28: 45.8 | J28: 4.31 | K28: 220 | L28: 76.5
